comp_id,name,mw,smiles,total_atoms
THEO_0288738,Selenide,79.92,[Se-2],1
THEO_0185340,7440-34-8,227.03,[Ac],1
THEO_0634511,Tellurium,129.91,[Te],1
THEO_0006511,Chromium(III),51.94,[Cr+3],1
THEO_0782819,Magnesium ion,23.98,[Mg+2],1
THEO_0515807,Nitrogen,28.01,N#N,2
THEO_0408182,Mercuric cation,201.97,[Hg+2],1
THEO_0178486,,225.03,[223RaH2],3
THEO_0675366,rubidium cation rb-82,81.92,[82Rb+],1
THEO_0547585,disulfur,63.94,S=S,2
THEO_0404503,7440-28-0,204.97,[Tl],1
THEO_0287249,7783-07-5,81.93,[SeH2],3
THEO_0071859,Terbium,158.93,[Tb],1
THEO_0073954,Sodium,22.99,[Na],1
THEO_0080695,7439-91-0,138.91,[La],1
THEO_0030182,TITANIUM DIOXIDE,79.94,O=[Ti]=O,3
THEO_0019914,Sodium ion,22.99,[Na+],1
THEO_0463926,7440-42-8,11.01,[B],1
THEO_0484959,Hydrogen Cyanide,27.01,C#N,3
THEO_0449582,Phosphorus,30.97,[P],1
THEO_0249135,Barium,137.91,[Ba],1
THEO_0071418,Carbon Disulfide,75.94,S=C=S,3
THEO_0612396,,145.88,S=[Cd],2
THEO_0315955,Potassium,38.96,[K],1
THEO_0109929,Lutetium-177,176.94,[177Lu],1
THEO_0061608,SULFIDE,31.97,[S-2],1
THEO_0020125,7440-37-1,39.96,[Ar],1
THEO_0358182,Hydrogen cation,1.01,[H+],1
THEO_0611173,aluminum cation,26.98,[Al+3],1
THEO_0723740,7440-67-7,89.9,[Zr],1
THEO_0170786,Selenium disulfide,143.86,S=[Se]=S,3
THEO_0907109,Realgar,107.9,S[As],3
THEO_0484379,Cadmium,113.9,[Cd],1
THEO_0339044,Aluminum,26.98,[Al],1
THEO_0761734,Calcium Cation,39.96,[Ca+2],1
THEO_0662746,Hydrogen Sulfide,33.99,S,3
THEO_0363139,Nickel,57.94,[Ni],1
THEO_0302245,Iron,55.93,[Fe],1
THEO_0675358,Chromium,51.94,[Cr],1
THEO_0324831,Hydron;chloride,35.98,Cl,2
THEO_0674950,7440-46-2,132.91,[Cs],1
THEO_0053213,Copper,62.93,[Cu],1
THEO_0309675,Sulfur,31.97,[S],1
THEO_0321199,Carbon Dioxide,43.99,O=C=O,3
THEO_0626062,Platinum(2+),194.96,[Pt+2],1
THEO_0829373,Arsenic,74.92,[As],1
THEO_0009349,Hydrogen,2.02,[H][H],2
THEO_0070961,Silicon,27.98,[Si],1
THEO_0628443,Zinc,63.93,[Zn],1
THEO_0504354,beryllium(2+),9.01,[Be+2],1
THEO_0307069,,139.92,[BaH2],3
THEO_0521896,Iodine,253.81,II,2
THEO_1130240,Fluorine,38.0,FF,2
THEO_0732808,7440-48-4,58.93,[Co],1
THEO_0771254,7440-65-5,88.91,[Y],1
THEO_0482660,Hydron;iodide,127.91,I,2
THEO_0733487,7440-54-2,157.92,[Gd],1
THEO_0160387,Hydron;bromide,79.93,Br,2
THEO_0423657,Hydrogen telluride,131.92,[TeH2],3
THEO_0169638,Manganese,54.94,[Mn],1
THEO_0628625,Calcium,39.96,[Ca],1
THEO_0031503,7439-93-2,7.02,[Li],1
THEO_0263385,Germanium,73.92,[Ge],1
THEO_0900155,Bismuth,208.98,[Bi],1
THEO_0771017,7440-52-0,165.93,[Er],1
THEO_1070935,Nitrous oxide,44.0,[O-][N+]#N,3
THEO_0664712,CALCIUM OXIDE,55.96,O=[Ca],2
THEO_0246136,Manganese dioxide,86.93,O=[Mn]=O,3
THEO_0236901,Helium-3,3.02,[3He],1
THEO_0173138,7440-74-6,114.9,[In],1
THEO_0352506,7440-17-7,84.91,[Rb],1
THEO_0549874,Samarium-153,152.92,[153Sm],1
THEO_0351080,7440-61-1,238.05,[U],1
THEO_0374335,Chromium-51,50.94,[51Cr],1
THEO_1123892,Hydroperoxy,33.0,[O]O,3
THEO_0767409,7440-41-7,9.01,[Be],1
THEO_0846813,lutetium(3+),174.94,[Lu+3],1
THEO_0715672,Technetium,96.91,[Tc],1
THEO_0117715,Ferric cation,55.93,[Fe+3],1
THEO_0615246,7440-15-5,186.96,[Re],1
THEO_0499789,7440-73-5,223.02,[Fr],1
THEO_0196253,"Nitrogen, atomic",14.0,[N],1
THEO_0621504,7440-64-4,173.94,[Yb],1
THEO_0520621,Protactinium,231.04,[Pa],1
THEO_0347663,7782-50-5,69.94,ClCl,2
THEO_0408907,Mercuric sulfide,233.94,S=[Hg],2
THEO_0555989,Thorium,232.04,[Th],1
THEO_0033992,Chromium(6+),51.94,[Cr+6],1
THEO_0572040,7440-53-1,152.92,[Eu],1
THEO_0314044,lithium ion,7.02,[Li+],1
THEO_0275043,7440-05-3,105.9,[Pd],1
THEO_0886944,Nitric Oxide,30.0,[N]=O,2
THEO_0509785,Bismuth cation,208.98,[Bi+3],1
THEO_0503055,7440-00-8,141.91,[Nd],1
THEO_0796746,7440-33-7,183.95,[W],1
THEO_0237460,7440-57-5,196.97,[Au],1
THEO_0888172,,60.97,ClC#N,3
THEO_0015309,7440-20-2,44.96,[Sc],1
THEO_0595313,NITROSYL CHLORIDE,64.97,O=NCl,3
THEO_0136915,CARBONYL SULFIDE,59.97,O=C=S,3
THEO_0080652,oxomagnesium,39.98,O=[Mg],2
THEO_0305948,7440-59-7,4.0,[He],1
THEO_1130249,Hydron;fluoride,20.01,[F-].[H+],2
THEO_0003358,cupric ion,62.93,[Cu+2],1
THEO_0723746,Nitroxyl,31.01,N=O,3
THEO_0744443,Yttrium-90,89.91,[90Y],1
THEO_0447640,Strontium,87.91,[Sr],1
THEO_0168891,strontium cation,87.9,[Sr+2],1
THEO_0902399,Cnh,27.01,[C-]#[NH+],3
THEO_0498681,7440-60-0,164.93,[Ho],1
THEO_0371862,7440-10-0,140.91,[Pr],1
THEO_0604431,,29.01,[13CH]#[15N],3
THEO_0270232,7440-45-1,139.91,[Ce],1
THEO_0153375,Magnesium,23.99,[Mg],1
THEO_0575167,Hypochlorous Acid,51.97,OCl,3
THEO_0508809,7439-97-6,201.97,[Hg],1
THEO_0536498,7429-91-6,163.93,[Dy],1
THEO_0257201,FERROUS OXIDE,71.93,O=[Fe],2
THEO_0713509,7440-31-5,119.9,[Sn],1
THEO_0182478,7440-03-1,92.91,[Nb],1
THEO_0518317,7440-55-3,68.93,[Ga],1
THEO_0329516,Potassium Cation,38.96,[K+],1
THEO_0367804,7440-01-9,19.99,[Ne],1
THEO_0194045,7440-04-2,191.96,[Os],1
THEO_0563268,Sulfur Dioxide,63.96,O=S=O,3
THEO_0800647,Selenium,79.92,[Se],1
THEO_0532424,selanylideneselane,159.83,[Se]=[Se],2
THEO_0464620,7440-18-8,101.9,[Ru],1
THEO_0732827,7440-22-4,106.91,[Ag],1
THEO_0051187,7440-58-6,179.95,[Hf],1
THEO_0007323,SELENIUM DIOXIDE,111.91,O=[Se]=O,3
THEO_0755507,Lead(2+),207.98,[Pb+2],1
THEO_0819437,iodane,131.91,[131IH],2
THEO_0633133,trisulfur,95.92,S=S=S,3
THEO_0768339,TELLURIUM DIOXIDE,161.9,O=[Te]=O,3
THEO_0563615,7440-62-2,50.94,[V],1
THEO_0194222,Oxygen,31.99,O=O,2
THEO_0558714,Xenon-133,132.91,[133Xe],1
THEO_0269165,ZINC OXIDE,79.92,O=[Zn],2
THEO_0803461,Zinc(2+),63.93,[Zn+2],1
THEO_0529942,7440-40-6,247.07,[Bk],1
THEO_0303461,7440-06-4,194.96,[Pt],1
THEO_0463849,7440-36-0,120.9,[Sb],1
THEO_0904068,Altaite,337.88,[Te].[Pb],2
THEO_0161895,,41.98,[CaH2],3
THEO_0436297,Carbon Monoxide,27.99,[C-]#[O+],2
THEO_0246067,Antimony cation (5+),120.9,[Sb+5],1
THEO_0316645,Ferrous cation,55.93,[Fe+2],1
THEO_0752053,Cobalt(2+),58.93,[Co+2],1
THEO_0416577,7439-98-7,97.91,[Mo],1
THEO_0289585,Lead,207.98,[Pb],1
THEO_1073490,Fluoride,19.0,[F-],1
THEO_0905416,Pine alcohol,41.99,[F-].[Na+],2
THEO_1046994,Iodide,126.9,[I-],1
THEO_1071270,Potassium hydroxide (KOH),55.97,[OH-].[K+],3
THEO_0865155,lime,55.96,[Ca+2].[O-2],2
THEO_0346173,MERCURIC CHLORIDE,271.91,Cl[Hg]Cl,3
THEO_0675347,,292.96,Cl[223Ra]Cl,3
THEO_0570095,7726-95-6,157.84,BrBr,2
THEO_1052452,Hydroxide,17.0,[OH-],2
THEO_0628184,7440-25-7,180.95,[Ta],1
THEO_1052916,Cyanate,42.0,[O-]C#N,3
THEO_1052839,Superoxide,31.99,[O][O-],2
THEO_0832973,7440-19-9,151.92,[Sm],1
THEO_0096145,MERCURIC IODIDE,455.78,I[Hg]I,3
THEO_1071255,Potassium iodide,165.87,[K+].[I-],2
THEO_0675679,CUPRIC CHLORIDE,132.87,Cl[Cu]Cl,3
THEO_0658626,iodane,123.91,[123IH],2
THEO_0359805,7440-32-6,47.95,[Ti],1
THEO_0901819,Chlorite,66.96,[O-]Cl=O,3
THEO_1052915,Chlorite,66.96,[O-][Cl]=O,3
THEO_0374377,Trioxirane,47.98,o1oo1,3
THEO_0127346,7440-30-4,168.93,[Tm],1
THEO_1052674,Bromide,78.92,[Br-],1
THEO_0469781,,54.94,[Mn+4],1
THEO_0025680,,45.99,O=N[O-],3
THEO_1052454,Hypochlorite,50.96,[O-]Cl,2
THEO_0622466,Cuprouschloride,97.9,[Cl-].[Cu+],2
THEO_0638332,RUBIDIUM CHLORIDE,119.88,[Cl-].[Rb+],2
THEO_1071844,Zinc oxide,79.92,[O--].[Zn++],2
THEO_1071199,Manganese oxide (MnO),70.93,[O--].[Mn++],2
THEO_0266986,Potassium bromide (KBr),117.88,[K]Br,2
THEO_0040464,"Water, sterile filtered",18.01,O,3
THEO_0865154,sylvite,73.93,[Cl-].[K+],2
THEO_0018030,Cadmium ion,113.9,[Cd+2],1
THEO_1071151,Sodium hypochlorite,73.95,[Na+].[O-]Cl,3
THEO_1071159,Magnesium oxide (MgO),39.98,[O--].[Mg++],2
THEO_1053401,Gellan gum,130.91,[TeH+],2
THEO_1071166,Sodium hydroxide (NaOH),39.99,[OH-].[Na+],3
THEO_0449274,7439-88-5,192.96,[Ir],1
THEO_0006415,,57.98,N#C[S-],3
THEO_0912623,Sodium chloride,57.96,[Na+].[Cl-],2
THEO_0453288,,107.9,S=[AsH],3
THEO_0463851,Iodocopper,189.83,[Cu]I,2
THEO_0890668,,26.0,[C-]#N,2
THEO_0607081,Manganese(2+),54.94,[Mn+2],1
THEO_0909913,Glucine,25.01,[Be]=O,2
THEO_0715865,Silica,59.97,O=[Si]=O,3
THEO_0047889,MERCURY(I) IODIDE,328.88,I[Hg],2
